[
  {
    "contract_path": "../Experimental_data/set1/Meter/SafeMath.sol",
    "bug_description": "none",
    "analysis_result": "The provided code snippet introduces the `SafeMath` library for performing arithmetic operations in Solidity. This library is designed to ensure that addition, subtraction, and multiplication are safe by checking for potential overflows or underflows.\n\n### Contract Structure\n\nThe `SafeMath` library includes three main functions:\n1. **Addition**: The `add` function adds two unsigned integers (`x`, `y`) and returns the sum. It ensures safety by requiring that the result does not exceed the input values.\n2. **Subtraction**: The `sub` function subtracts one unsigned integer from another and checks that the resulting value is not less than zero.\n3. **Multiplication**: The `mul` function multiplies two unsigned integers and validates the operation to prevent overflow.\n\n### Key Invariants\n\nThe invariants for these operations are:\n- For addition, it ensures `(z = x + y) >= x`, meaning the sum should be greater than or equal to the first operand.\n- For subtraction, it requires `(z = x - y) <= x`, ensuring that the difference does not go below zero.\n- For multiplication, it checks if `y` is non-zero and ensures that the result divided by `y` equals the original value of `x`.\n\n### Potential Vulnerabilities\n\nWhile the use of `SafeMath` significantly reduces the risk of arithmetic errors, it still introduces some potential issues:\n1. **Dependency on Libraries**: The library relies on Solidity's native operators for basic arithmetic operations, which might not be sufficient in more complex scenarios.\n2. **Overhead**: Adding these checks can introduce computational overhead, although this is generally minimal.\n\n### References\n1. **SafeMath Library** (KG): This entity is part of the `OpenZeppelin` security library, providing safe math operations to prevent overflows and underflows in smart contracts.\n2. **Solidity** (KG): The programming language used for writing smart contracts.\n3. **ReentrancyGuard** (KG): While not directly related here, this mechanism can be integrated with arithmetic safety measures to enhance overall security.\n4. **ComptrollerInterface** (KG): This interface might interact with the `SafeMath` library in contexts where financial operations are critical.\n\nThis response is based on the provided code snippet and the information available within the Knowledge Base.",
    "kg_choice": "double",
    "search_mode": "hybrid",
    "evaluation_result": "correct"
  },
  {
    "contract_path": "../Experimental_data/set1/Meter/ExampleSlidingWindowOracle.sol",
    "bug_description": "privilege escalation\ninconsistent state update\natomicity violation\n",
    "analysis_result": "### Contract Structure\n\nThe `ExampleSlidingWindowOracle` contract is a custom sliding window oracle designed to provide moving average price calculations in Uniswap V2 pairs. It uses historical price observations stored over a specified period (`windowSize`) with a granularity determined by the `granularity` parameter. The contract supports the computation of prices based on cumulative price data and implements several key functions for updating and querying these prices.\n\n### Key Invariants\n\n1. **Observation Timestamps**: Observations are recorded at regular intervals defined by `periodSize`, ensuring consistent updates.\n2. **Price Calculation Consistency**: Prices are calculated using a sliding window approach, ensuring they reflect the average price over the specified period.\n3. **Historical Observation Validity Check**: Before computing the amount out, it checks that the historical observation is within the valid time range.\n\n### Potential Vulnerabilities\n\n1. **Time Manipulation**: The contract relies on `block.timestamp` for generating timestamps and updating observations. Malicious actors could manipulate timestamp values to alter price calculations.\n2. **Cumulative Price Overflows**: While overflow handling is managed through fixed-point arithmetic, care must be taken to ensure that cumulative price updates do not cause overflows or underflows.\n\n### Reference Sources\n\n1. **SafeMath Library** (KG): Used for safe arithmetic operations to prevent overflows and underflows.\n2. **UniswapV2Library** (KG): Provides utility functions to interact with Uniswap V2 pairs, such as sorting tokens and fetching cumulative prices.\n3. **FixedPoint Library** (KG): Supports fixed-point arithmetic for precise price calculations.\n4. **UniswapV2OracleLibrary** (KG): Offers methods to retrieve current cumulative prices from Uniswap V2 pairs.\n5. **Pair For Function in Uniswap V2 Core** (KG): Identifies the correct pair address for a given token pair.\n\nThis contract is designed to provide accurate and reliable price data by leveraging historical observations over a defined period, making it suitable for scenarios requiring more precise pricing information than simple oracles can offer.",
    "kg_choice": "double",
    "search_mode": "hybrid",
    "evaluation_result": "partly correct"
  },
  {
    "contract_path": "../Experimental_data/set1/Meter/UniswapV2Router01.sol",
    "bug_description": "cross bridge inconsistency\n",
    "analysis_result": "### Contract Structure\n\nThe `UniswapV2Router01` contract is a smart contract that serves as an interface for interacting with the Uniswap V2 liquidity pools on the Ethereum blockchain. It implements several key functionalities:\n\n- **Adding Liquidity**: Allows users to add liquidity to a pair of tokens, creating or updating the liquidity pool.\n- **Removing Liquidity**: Enables users to remove liquidity from a token pair by burning liquidity tokens and receiving the corresponding amounts of each token.\n- **Swapping Tokens for Tokens**: Provides functions to swap one set of tokens for another, either with an exact input amount or an exact output amount.\n- **Swapping ETH for Tokens and Vice Versa**: Allows users to convert between Ether and other ERC20 tokens.\n\n### Key Invariants\n\nThe contract includes several invariants that ensure the integrity and correctness of operations:\n\n1. **Deadline Check**: The `ensure` modifier ensures that the transaction deadline is not exceeded, preventing expired transactions.\n2. **Amount Checks**: Functions like `_addLiquidity` and `removeLiquidity` perform checks to ensure that minimum amounts are met, safeguarding against insufficient liquidity.\n\n### Potential Vulnerabilities\n\n1. **Reentrancy Risk**:\n   - The contract does not explicitly include reentrancy protection mechanisms such as the `nonReentrant` modifier or `try-catch` blocks. This could lead to vulnerabilities if improperly handled.\n   \n2. **Price Manipulation**:\n   - The contract relies on external libraries like UniswapV2Library for critical calculations, which can be susceptible to price manipulation attacks if not properly validated.\n\n3. **Flash Loan Attacks**:\n   - Although the contract does not directly support flash loans, it could still be vulnerable to price manipulation during token swaps and liquidity operations.\n\n4. **Overflows and Underflows**:\n   - The `addLiquidity` function involves arithmetic checks that could potentially lead to overflows if incorrect values are passed in. However, Solidity's type checking generally prevents such issues.\n\n### References\n1. **UniswapV2Factory**: [IUniswapV2Factory](https://github.com/Uniswap/v2-core/blob/master/contracts/interfaces/IUniswapV2Factory.sol) - Interface for creating and managing liquidity pools.\n2. **TransferHelper**: [TransferHelper](https://github.com/uniswap/lib/blob/master/contracts/libraries/TransferHelper.sol) - Utility functions for safe token transfers.\n3. **UniswapV2Library**: [UniswapV2Library](https://github.com/Uniswap/v2-core/blob/master/contracts/libraries/UniswapV2Library.sol) - Contains core logic for calculating amounts and interacting with pairs.\n4. **IUniswapV2Router01**: [IUniswapV2Router01 Interface](https://github.com/Uniswap/v2-core/blob/master/contracts/interfaces/IUniswapV2Router01.sol) - Defines the methods that this contract implements.\n5. **IWETH**: [IWETH Interface](https://github.com/Uniswap/uniswap-v2-periphery/blob/main/contracts/interfaces/IWETH.sol) - Interface for interacting with wrapped Ether (WETH).",
    "kg_choice": "double",
    "search_mode": "hybrid",
    "evaluation_result": "worry"
  }
]